,InitialCashETF,InitialCashOption,InitialCashFuture,CashETF,AssetETF,TotalAssetETF,MarginOption,CashOption,MarginFuture,CashFuture,TotalRepo,TotalExchangeFees,TotalInvestmentCash,TotalCash,PnLOrcTheory,PnLOrcMarket,PnLMarketSettle,PnLMarketClose
2016-06-27,,,,,,,,,,,,,,,,,,
2016-06-28,,,,,,,,,,,,,,,,,,
2016-06-29,,,,,,,,,,,,,,,,,,
2016-06-30,,,,,,,,,,,,,,,,,,
2016-07-01,,,,,,,,,,,,,,,,,,
2016-07-04,,,,,,,,,,,,,,,,,,
2016-07-05,46000000.0,25000000.0,,40859719.0,6250760.6,47109939.6,12673869.0,13291886.7,,,,,,,,,,
2016-07-06,46000000.0,25000000.0,,40000580.99,7123362.79,47123943.78,13177309.8,12890164.4,2241000.0,2823232.1,,,,,,,,
2016-07-07,46000000.0,25000000.0,,42103433.6,5037136.36,47140569.96,13603342.6,12453784.1,2492880.0,2586321.73,,,,,,,,
2016-07-08,46000000.0,25000000.0,,41040909.08,6071899.0,47112808.08,13761192.2,12410019.9,2608452.0,2428554.1,,,,,,,,
2016-07-11,46000000.0,25000000.0,,41178818.2,5966266.84,47145085.04,13529640.6,12402319.7,2504640.0,2640710.29,,,,,,,,
2016-07-12,46000000.0,25000000.0,,37146050.5,10151470.33,47297520.83,14224953.8,12365322.4,2420904.0,2936499.82,,,,,204474.0,,,
2016-07-13,46000000.0,25000000.0,,24992627.92,22267950.59,47260578.51,16180361.8,11473641.2,3730212.0,1716167.84,,,,,204474.0,,,
2016-07-14,43000000.0,25000000.0,8000000.0,12971643.16,31265735.81,44237378.97,16180361.8,11046054.0,4767228.0,3677348.44,,,,,218700.0,207668.0,,
2016-07-15,53000000.0,25000000.0,8000000.0,15075115.21,39217121.27,54292236.48,19243794.6,10097997.3,5038092.0,3470592.99,,,,,198369.0,127311.0,,
2016-07-18,53000000.0,25000000.0,8000000.0,14029563.31,40126103.99,54155667.3,19407568.0,10158628.5,5150256.0,3282872.97,,,,,204425.0,120595.0,,
2016-07-19,53000000.0,25000000.0,8000000.0,14029563.31,39909984.94,53939548.25,20000495.8,9603326.5,5099220.0,3066157.77,,,,,192948.0,55637.0,,
2016-07-20,53000000.0,25000000.0,10000000.0,11711841.78,43788755.17,55500596.95,20626668.1,9101745.6,5477916.0,4648295.16,,,,,208462.0,74395.0,,
2016-07-21,53000000.0,25000000.0,10000000.0,13114746.86,42614422.92,55729169.78,21727672.0,8343289.2,5762976.0,4511464.02,,,,,251409.0,157736.0,,
2016-07-22,53000000.0,25000000.0,10000000.0,7235700.23,48088451.4,55324151.63,21662952.0,8735404.3,6622332.0,3435235.55,,,,,195278.0,,,
2016-07-25,63000000.0,35000000.0,,23720544.72,41640030.09,65360574.81,20844936.2,13379207.1,,,,,,,264355.0,,,
2016-07-26,63000000.0,35000000.0,15000000.0,35715526.29,30075000.31,65790526.6,22551175.0,12179742.7,5028732.0,10373710.68,,,,,281474.0,,,
2016-07-27,63000000.0,35000000.0,15000000.0,34328532.02,28991505.94,63320037.96,22874032.5,14745686.8,4833828.0,10233457.31,,,,,454773.0,,,
2016-07-28,53000000.0,40000000.0,15000000.0,38691405.04,22891181.68,61582586.72,22078749.8,15011778.4,2821320.0,12434182.11,,,,,568336.0,,,
2016-07-29,53000000.0,40000000.0,15000000.0,37445665.48,24039115.11,61484780.59,23163027.0,14210212.7,3839964.0,11366395.65,,,51042106.11,108000000.0,572232.0,509229.0,,
2016-08-01,53000000.0,40000000.0,15000000.0,37846365.76,26524117.14,61370482.92,23454380.0,13926651.2,5100480.0,10049103.2,,,55078977.14,108000000.0,505701.0,417799.0,,
2016-08-02,53000000.0,40000000.0,15000000.0,27628698.33,33750103.14,61378801.47,23698575.0,13752781.6,4973856.0,10161431.01,,,62422534.14,108000000.0,532102.0,431421.0,,
2016-08-03,53000000.0,40000000.0,15000000.0,19817632.98,41529565.93,61347198.91,23986848.8,13470892.1,4211820.0,10915650.75,,,69728234.73,108000000.0,533658.0,424401.0,,
2016-08-04,53000000.0,40000000.0,15000000.0,20514356.42,40799079.92,61313436.34,23964596.4,13592724.2,5989704.0,9137180.99,,,70753380.32,108000000.0,552535.0,432494.0,,
2016-08-05,53000000.0,40000000.0,15000000.0,34168274.2,27310422.67,61478696.87,24205441.0,12984017.3,5765964.0,9532684.36,,,57281827.67,108000000.0,536847.0,441083.0,,
2016-08-08,53000000.0,40000000.0,15000000.0,35847045.5,25748684.02,61595729.52,24200693.6,12915205.2,5650008.0,9714144.13,,,55599385.62,108000000.0,547687.0,443107.0,,
2016-08-09,53000000.0,40000000.0,15000000.0,43070565.99,18706830.03,61777396.02,23919394.0,12636613.3,6461760.0,9089769.17,,,49087984.03,108000000.0,532506.0,518655.0,,
2016-08-10,53000000.0,40000000.0,15000000.0,37098402.94,24639497.91,61737900.85,24081085.6,12558538.7,5944392.0,9624938.55,,,54664975.51,108000000.0,584868.0,516930.0,,
2016-08-11,53000000.0,40000000.0,15000000.0,44840964.84,17036642.96,61877607.8,22764817.0,13057057.1,4934904.0,10841106.04,,,44736363.96,108000000.0,722092.0,617978.0,,
2016-08-12,53000000.0,40000000.0,15000000.0,52555727.1,9621254.3,62176981.4,24375979.4,11615232.0,5380272.0,10744300.08,,,39377505.7,108000000.0,790714.0,724963.0,,
2016-08-15,53000000.0,40000000.0,15000000.0,46183113.66,16176349.15,62359462.81,27779473.6,9786693.8,6269688.0,10901430.14,157626.48,190891.5,50225510.75,108000000.0,716337.0,655258.0,,
2016-08-16,73000000.0,40000000.0,15000000.0,18103565.03,63669829.14,81773394.17,28487310.8,11733433.4,5941248.0,10988433.1,157626.48,199713.02,98098387.94,128000000.0,890567.0,632512.0,,
2016-08-17,88000000.0,40000000.0,15000000.0,20824315.33,75771676.1,96595991.43,27387675.0,13464163.5,6324600.0,10508220.73,157626.48,203879.7,109483951.1,143000000.0,667509.0,471251.0,,
2016-08-18,88000000.0,40000000.0,15000000.0,19462527.64,76804784.03,96267311.67,27382277.0,13572679.4,6279276.0,10326924.73,157626.48,411498.39,110466337.03,143000000.0,714015.0,427223.0,,
2016-08-19,88000000.0,40000000.0,15000000.0,15983145.44,80176289.81,96159435.25,27353929.8,13796411.2,6257400.0,10208820.73,158067.65,182827.41,113787619.61,143000000.0,,,,
2016-08-23,88000000.0,40000000.0,15000000.0,7510757.58,88720341.03,96231098.61,27976666.0,13134135.3,6235836.0,10153164.73,158223.7,206060.05,122932843.03,143000000.0,686017.0,933416.0,,
2016-08-24,88000000.0,40000000.0,15000000.0,21456214.45,77502915.96,98959130.41,25710823.0,12198941.0,6206448.0,10037136.73,158807.31,209180.39,109420186.96,143000000.0,748056.0,815176.0,,
2016-08-25,88000000.0,40000000.0,15000000.0,20189112.01,78399638.38,98588750.39,25445393.3,12471592.9,6164952.0,9869628.73,160789.36,206313.34,110009983.68,143000000.0,782376.0,750353.0,,
2016-08-26,88000000.0,40000000.0,15000000.0,17491482.92,81022595.87,98514078.79,25922187.7,12119951.8,6169416.0,9887484.73,161697.22,207029.49,113114199.57,143000000.0,825218.0,707584.0,,
2016-08-29,88000000.0,40000000.0,15000000.0,16995132.62,81449415.86,98444548.48,25645371.5,12266833.8,6151032.0,9813948.73,162693.95,207196.52,113245819.36,143000000.0,868332.0,767409.0,,
2016-08-30,88000000.0,40000000.0,15000000.0,16987434.16,81854307.53,98841741.69,26218755.8,11661538.0,6177912.0,9921468.73,163703.23,207548.27,114250975.33,143000000.0,869900.0,950493.0,,
2016-08-31,88000000.0,40000000.0,15000000.0,14934222.86,84197620.39,99131843.25,26840822.0,11185230.2,6210948.0,10053612.73,164104.9,208020.24,117249390.39,143000000.0,835126.0,828804.0,,
2016-09-01,106000000.0,42000000.0,15000000.0,26395430.33,90120356.68,116515787.01,28134342.8,12612926.8,6724476.0,9448100.97,164104.9,209322.98,124979175.48,163000000.0,798408.0,716082.0,,
2016-09-02,106000000.0,42000000.0,15000000.0,32927047.97,84026518.05,116953566.02,27279116.6,12648786.6,6722568.0,9440468.97,164693.98,212373.12,118028202.65,163000000.0,1002140.0,1099821.0,,
2016-09-05,106000000.0,42000000.0,15000000.0,29001705.45,87988407.96,116990113.41,28385423.0,11695423.6,7416444.0,8815273.25,164693.98,214234.52,123790274.96,163000000.0,923472.0,765842.0,,
2016-09-06,106000000.0,42000000.0,15000000.0,15663067.32,101578654.6,117241721.92,30529918.8,9778937.5,7703208.0,8702206.06,164693.98,215323.99,139811781.4,163000000.0,891597.0,795658.0,,
2016-09-07,123000000.0,45000000.0,15000000.0,31570435.08,102862258.93,134432694.01,30642834.0,12142017.2,7842840.0,8589885.62,165630.23,220557.38,141347932.93,183000000.0,976200.0,751366.0,,
2016-09-08,123000000.0,45000000.0,15000000.0,23622321.02,110821840.93,134444161.95,32475960.0,10664047.1,8620788.0,7732371.1,166346.06,223501.09,151918588.93,183000000.0,830156.0,876171.0,,
2016-09-09,138000000.0,50000000.0,15000000.0,29917068.08,119016494.76,148933562.84,32191844.0,15472177.8,8887968.0,7406599.0,166346.06,226096.61,160096306.76,203000000.0,952656.0,728936.0,,
2016-09-12,158000000.0,54000000.0,17000000.0,54122271.26,113252730.75,167375002.01,29203633.0,21556954.0,10239372.0,7160108.97,167778.56,231635.72,152695735.75,229000000.0,1039655.0,1189333.0,,
2016-09-13,158000000.0,49000000.0,22800000.0,55517722.37,111465170.97,166992893.34,28790403.0,16757720.7,11304864.0,11873192.62,176333.97,234484.48,151560437.97,229800000.0,1051937.0,999552.0,,
2016-09-14,158000000.0,49000000.0,22800000.0,58712898.55,107637177.36,166350075.91,28309916.9,17065834.0,12252912.0,10489239.77,180212.33,237420.61,148200006.26,229800000.0,1071929.0,918272.0,,
2016-09-19,158000000.0,49000000.0,22800000.0,48223252.18,118766602.69,166989854.87,28851282.8,16326318.6,9792828.0,13171017.22,181955.24,241280.27,157410713.49,229800000.0,1067718.0,983460.0,,
2016-09-20,158000000.0,49000000.0,22800000.0,44732461.28,122100522.17,166832983.45,28843276.3,16366549.9,10058160.0,12932690.85,183982.74,242771.77,161001958.47,229800000.0,1100949.0,1086153.0,,
2016-09-21,158000000.0,49000000.0,22800000.0,42647466.95,124416309.8,167063776.75,29796006.3,15408140.2,10720536.0,12377998.24,186148.58,245178.07,164932852.1,229800000.0,1118519.0,1056658.0,,
2016-09-22,158000000.0,49000000.0,22800000.0,44130147.27,123611453.3,167741600.57,29465205.5,15048695.0,10918812.0,12514159.65,191827.19,250313.19,163995470.8,229800000.0,1148600.0,1034961.0,,
2016-09-23,158000000.0,49000000.0,22800000.0,51116242.13,116317400.64,167433642.77,28013941.0,16238423.7,10913016.0,12460255.65,195269.28,253560.21,155244357.64,229800000.0,1207312.0,59394.0,,
2016-09-26,158000000.0,49000000.0,22800000.0,40093959.55,125902761.8,165996721.35,26617819.8,17058893.3,11224788.0,11790414.69,196549.28,256971.91,163745369.6,229800000.0,1237053.0,1133511.0,,
2016-09-27,158000000.0,49000000.0,22800000.0,42162364.85,124238388.2,166400753.05,26926799.9,16454921.0,11472192.0,11480698.03,198060.11,260602.89,162637380.1,229800000.0,1323334.0,1220629.0,,
2016-09-28,158000000.0,49000000.0,22800000.0,79652977.08,35105175.34,113469152.42,15372698.1,25865412.7,11579304.0,11260573.39,199590.95,241189.56,60768177.44,229800000.0,1337188.0,1300322.0,,
2016-09-29,158000000.0,49000000.0,22800000.0,78619217.25,35061790.48,113681007.73,15607036.0,80936100.7,11775132.0,11401149.3,241876.06,270821.89,62443958.48,229800000.0,,,,
2016-09-30,158000000.0,49000000.0,22800000.0,161000751.52,23114814.97,184115566.49,16067663.8,9614426.2,12645540.0,11088487.01,,32118.13,51828018.77,229800000.0,1439291.0,1309118.0,,
2016-10-13,158000000.0,49000000.0,22800000.0,158343840.36,25775366.57,184119206.93,15995881.8,9449318.5,12912240.0,10821606.23,283495.11,291745.0,54683488.37,229800000.0,1435783.0,1373754.0,,
2016-10-14,158000000.0,49000000.0,22800000.0,169378062.55,14832780.53,184210843.08,14814933.8,10038612.1,12811680.0,11080293.56,289355.82,296796.22,42459394.33,229800000.0,1574908.0,1484579.0,,
2016-10-17,158000000.0,49000000.0,22800000.0,173032395.08,11104719.75,184137114.83,13695080.0,10969062.4,12858504.0,10634927.3,293270.41,300484.44,37658303.75,229800000.0,1466532.0,1349749.0,,
2016-10-18,158000000.0,49000000.0,22800000.0,180710198.23,3559993.02,184270191.25,14288103.4,10302690.9,13392456.0,10808446.0,300751.67,303566.42,31240552.42,229800000.0,1550020.0,1644483.0,,
2016-10-19,158000000.0,49000000.0,22800000.0,176520639.81,7743659.13,184264298.94,15209416.6,9740965.0,13532232.0,10731746.85,306994.59,306139.69,36485307.73,229800000.0,1540167.0,1507860.0,,
2016-10-20,158000000.0,49000000.0,22800000.0,170500263.61,13789056.96,184289320.57,15351263.0,9746074.9,12785880.0,11697152.85,324368.62,308063.84,41926199.96,229800000.0,1597816.0,1619889.0,,
2016-10-21,158000000.0,49000000.0,22800000.0,175616916.27,8765825.94,184382742.21,13774445.5,10968904.9,9485664.0,15314929.86,338401.53,315916.39,32025935.44,229800000.0,1652491.0,1654555.0,,
2016-10-24,158000000.0,49000000.0,22800000.0,179139836.51,5362007.17,184501843.68,12778636.8,11496632.0,7912320.0,17753280.86,347840.04,321731.04,26052963.97,229800000.0,1867758.0,1881249.0,,
2016-10-25,158000000.0,49000000.0,22800000.0,178693860.44,5814271.01,184508131.45,12828902.6,11644343.4,8557432.0,16953204.36,363437.56,324570.88,27200605.61,229800000.0,1868194.0,1811343.0,,
2016-10-26,158000000.0,49000000.0,22800000.0,178789011.11,5712438.42,184501449.53,12800544.6,11685273.2,8937960.0,16477211.8,376033.82,326796.95,27450943.02,229800000.0,1812586.0,1819432.0,,
2016-10-27,158000000.0,49000000.0,22800000.0,176150247.9,8385241.95,184535489.85,13287561.5,11230739.3,9176316.0,16074807.34,421120.82,329320.02,30849119.45,229800000.0,1896484.0,1816700.0,,
2016-10-28,158000000.0,49000000.0,22800000.0,177382948.18,7192877.64,184575825.82,13705009.7,10524458.7,10155168.0,15266606.1,439922.13,334808.08,31053055.34,229800000.0,2008038.0,1954485.0,,
2016-10-31,158000000.0,49000000.0,22800000.0,174978651.49,9613806.95,184592458.44,13664619.5,10484435.1,10392888.0,14880798.74,451431.73,337630.47,33671314.45,229800000.0,2008471.0,1946648.0,,
2016-11-01,158000000.0,49000000.0,22800000.0,172364720.53,12287651.48,184652372.01,14745686.2,9556327.8,11115480.0,14427882.06,457022.94,339588.62,38148817.68,229800000.0,2003192.0,1958904.0,,
2016-11-02,158000000.0,49000000.0,22800000.0,167533664.32,17035062.7,184568727.02,17674654.0,6942989.2,13328448.0,11793214.45,459228.78,343647.27,48038164.7,229800000.0,2003697.0,1914716.0,,
2016-11-03,153000000.0,54000000.0,22800000.0,168182688.73,11629994.62,179812683.35,19260805.5,9761529.5,15653316.0,10353318.61,459894.61,351349.05,46544116.12,229800000.0,2125057.0,2142686.0,,
2016-11-04,153000000.0,54000000.0,22800000.0,175900513.11,3925349.88,179900513.11,17293374.6,11220180.6,13732296.0,12205879.0,460802.96,355951.3,34951020.48,229800000.0,2161701.0,2159174.0,,
2016-11-07,153000000.0,54000000.0,22800000.0,173898822.06,5939284.17,179838822.06,17534193.0,10956597.2,13499028.0,12622276.68,461892.97,358161.78,36972505.17,229800000.0,2215491.0,2146342.0,,
2016-11-08,153000000.0,54000000.0,22800000.0,172323417.02,7535488.56,179858905.58,17726216.0,10884120.6,13423836.0,13033803.04,462069.22,361970.97,38685540.56,229800000.0,2180919.0,2117670.0,,
2016-11-09,146000000.0,61000000.0,22800000.0,128863023.49,44030249.92,172893273.41,21368023.0,14849292.2,13047480.0,12842714.22,462247.97,367589.65,78445752.92,229800000.0,2320019.0,2336771.0,,
2016-11-10,146000000.0,61000000.0,22800000.0,128863023.49,51110085.54,173356456.15,23171645.8,13145804.4,13200900.0,13449794.22,464058.39,368877.18,87482631.34,229800000.0,2258699.0,2208254.0,,
2016-11-11,146000000.0,61000000.0,22800000.0,151208518.56,22615906.74,173824425.3,18702618.6,15770663.6,12753564.0,14554120.92,464515.06,375871.21,54072089.34,229800000.0,2450732.0,2305618.0,,
2016-11-14,146000000.0,61000000.0,22800000.0,164834453.69,9144754.83,173979208.52,15571829.8,17325245.8,11536056.0,15931251.67,468007.16,382000.29,36252640.63,229800000.0,2461986.0,2481854.0,,
2016-11-15,146000000.0,61000000.0,22800000.0,163730880.96,10217204.27,173948085.23,16341945.4,16866013.4,13173816.0,14192424.04,469806.34,384300.25,39732965.67,229800000.0,2399463.0,2386812.0,,
2016-11-16,146000000.0,61000000.0,22800000.0,159330424.44,14592502.85,173922927.29,18457830.0,15161091.2,15950160.0,11400734.06,472223.01,387288.26,49000492.85,229800000.0,2480544.0,2341671.0,,
2016-11-17,146000000.0,61000000.0,22800000.0,163792268.54,10174724.71,173966993.25,19147420.8,14368783.0,17747256.0,9756293.27,482965.11,389806.62,47069401.51,229800000.0,2522301.0,2457905.0,,
2016-11-18,146000000.0,61000000.0,22800000.0,162450455.77,11507916.34,173958372.11,18500719.0,14780674.0,17425284.0,9941027.42,491606.25,396216.63,47433919.34,229800000.0,2547324.0,2515111.0,,
2016-11-21,146000000.0,61000000.0,22800000.0,168813293.12,5269823.33,174083116.45,17584234.0,14103409.6,16727460.0,11380216.11,496386.68,402804.38,39581517.33,229800000.0,2691590.0,2639910.0,,
2016-11-22,136000000.0,71000000.0,22800000.0,168776979.75,5357672.38,174134652.13,15822399.0,14458910.4,11957028.0,16979396.34,501146.66,409673.67,33137099.38,229800000.0,2827561.0,2822789.0,,
2016-11-23,136000000.0,71000000.0,22800000.0,158899008.38,9068197.01,167967205.39,14645728.0,25396603.6,9750480.0,19354096.39,501891.65,414121.77,33464405.01,229800000.0,2903755.0,2885530.0,,
2016-11-24,136000000.0,71000000.0,22800000.0,158441716.48,9580561.48,168022277.59,13336221.0,23192942.8,8088204.0,21192056.09,518998.31,417892.95,31004986.48,229800000.0,2885672.0,2844421.0,,
2016-11-25,146000000.0,61000000.0,22800000.0,167513515.19,10658533.8,178172048.99,13324486.4,12162794.2,7729380.0,22168853.17,529981.65,422872.15,31712400.2,229800000.0,2991007.0,2938117.0,,
2016-11-28,146000000.0,61000000.0,22800000.0,166865352.14,11108177.43,177973529.57,14615983.0,10569816.2,7834728.0,22275063.04,533215.39,426102.24,33558888.43,229800000.0,3013395.0,2728059.0,,
2016-11-29,146000000.0,71000000.0,12800000.0,170576648.03,7557578.36,178154226.39,15660104.79,17433870.01,6780900.0,13876905.52,542599.12,435273.93,29998583.15,229800000.0,3201887.0,3192423.0,,
2016-11-30,146000000.0,71000000.0,12800000.0,126024472.94,51965313.59,177989786.53,20831890.99,15035496.4,9775056.0,10688926.11,551029.68,442432.67,82572260.58,229800000.0,3180673.0,3103000.0,,
2016-12-01,146000000.0,71000000.0,12800000.0,130825496.54,47782287.95,178607784.49,21807478.5,13095704.34,11379120.0,9277117.83,563697.58,448157.34,80968886.45,229800000.0,3321194.0,3264699.0,,
2016-12-02,133000000.0,79000000.0,17800000.0,95002794.52,70265967.94,165268782.46,25810156.64,17401169.74,14933352.0,10343642.48,563697.58,455527.58,111009476.58,229800000.0,3391070.0,3321601.0,,
2016-12-05,118000000.0,84000000.0,27800000.0,58627193.93,90359796.41,148986990.34,28887348.02,19496101.56,21452688.0,12663298.28,563697.58,467624.81,140699832.43,229800000.0,3614190.0,3641050.0,,
2016-12-06,118000000.0,84000000.0,27800000.0,66291285.3,82521238.53,148812523.83,29968152.59,17981244.12,25277604.0,8584404.28,563697.58,472661.03,137766995.12,229800000.0,3738426.0,3374652.0,,
2016-12-07,118000000.0,84000000.0,27800000.0,69562227.17,79494565.5,149056792.67,31484484.25,16325123.96,28057308.0,5817880.84,563697.58,476785.27,139036357.75,229800000.0,3527377.0,3383503.0,,
2016-12-08,118000000.0,84000000.0,27800000.0,79247763.86,69977464.48,149225228.34,31089565.49,16051197.47,28245444.0,5792339.62,564500.5,479667.8,129312473.97,229800000.0,3772390.0,3643758.0,,
2016-12-09,118000000.0,84000000.0,27800000.0,131498210.14,18527921.29,150026131.43,28312720.12,15889412.67,28186284.0,7985162.02,567103.84,488883.34,75026925.41,229800000.0,3824768.0,3824292.0,,
2016-12-12,118000000.0,84000000.0,27800000.0,100776089.6,49139374.14,149915463.74,30950377.71,13557636.75,28290924.0,6099030.52,567103.84,496026.65,108380675.85,229800000.0,4058830.0,3715472.0,,
2016-12-13,118000000.0,84000000.0,27800000.0,67438389.91,82185349.43,149623739.34,34257334.61,10876052.62,28102944.0,5752330.34,567103.84,501756.22,144545628.04,229800000.0,3885264.0,3638450.0,,
2016-12-14,118000000.0,84000000.0,27800000.0,54638367.97,94570788.48,149209156.45,35202378.96,9685960.18,28021152.0,5200730.55,567103.84,506406.46,157794319.44,229800000.0,3738927.0,3663502.0,,
2016-12-15,213000000.0,84000000.0,32800000.0,116720564.53,125067214.94,241787779.47,33903597.67,11763013.48,27499248.0,8004517.92,567103.84,511789.37,186470060.61,329800000.0,4264871.0,4110712.0,,
2016-12-16,213000000.0,84000000.0,32800000.0,106853731.4,134556193.67,241409925.07,35436306.76,10577177.48,25211268.0,9990801.11,573895.53,515444.35,195203768.43,329800000.0,4239598.0,4028790.0,,
2016-12-19,213000000.0,84000000.0,32800000.0,114540893.91,126416823.0,240957716.91,34491508.26,11603115.21,25455180.0,8834237.82,579062.2,519040.93,186363511.26,329800000.0,4530604.0,4569658.0,,
2016-12-20,213000000.0,84000000.0,32800000.0,130101886.35,110153066.61,240254952.96,35160278.63,11943431.55,25675764.0,7653924.04,584157.2,522723.44,170989109.24,329800000.0,4650335.0,5446830.0,,
2016-12-21,213000000.0,84000000.0,32800000.0,148174891.05,92919234.74,241094125.79,35957023.94,11103966.32,27526980.0,7202423.27,586331.36,528693.99,156403238.68,329800000.0,4784408.0,4381184.0,,
2016-12-22,213000000.0,84000000.0,32800000.0,153353230.42,87499735.8,240852966.22,37233776.07,10126432.67,29921580.0,4140986.0,589648.02,532381.63,154655091.87,329800000.0,4558395.0,4191916.0,,
2016-12-23,208000000.0,84000000.0,37800000.0,160064260.75,75330487.62,235394748.37,36871343.73,11238759.5,29546148.0,8437871.62,597180.09,536577.78,141747979.35,329800000.0,4433732.0,4348411.0,,
2016-12-26,208000000.0,84000000.0,37800000.0,176924459.71,58955500.23,235879959.94,36755946.69,12457546.32,28035828.0,11294576.85,600454.43,547329.58,123747274.92,329800000.0,4678812.0,4608570.0,,
2016-12-27,208000000.0,84000000.0,37800000.0,176924459.71,67141028.12,235654411.51,35341551.46,13133920.48,27263448.0,11463965.95,623416.94,551746.3,129746027.58,329800000.0,4846483.0,4265330.0,,
2016-12-28,208000000.0,84000000.0,37800000.0,154610854.6,4992863.45,159603718.05,25941322.03,21372114.2,27131364.0,11204309.95,630908.61,558244.76,58065549.48,329800000.0,4827120.0,4656924.0,,
2016-12-29,208000000.0,84000000.0,37800000.0,146420532.32,13193663.45,159614195.77,29117091.0,98023587.97,32664276.0,5524943.99,651475.79,565292.27,74975030.45,329800000.0,4213311.0,3856998.0,,
2016-12-30,203000000.0,81000000.0,45800000.0,213284826.94,21406948.93,234691775.87,30101905.21,14112552.31,33006168.0,13885475.15,652001.21,568749.79,84515022.14,329800000.0,4233607.0,4151737.0,,
2017-01-03,203000000.0,81000000.0,45800000.0,210496375.9,24385624.43,234882000.33,31860142.79,11905107.16,34748556.0,14095251.81,655405.8,571152.74,90994323.22,329800000.0,4531210.0,4325830.0,,
2017-01-04,203000000.0,81000000.0,45800000.0,213708270.45,21364878.38,235073148.83,31473965.44,12239421.98,34828476.0,14986873.34,661107.93,573874.8,87667319.82,329800000.0,4778796.0,4807766.0,,
2017-01-05,203000000.0,81000000.0,45800000.0,218616294.77,16433478.99,235049773.76,30578400.18,12944297.63,35520084.0,14257067.44,664045.86,575078.96,82531963.17,329800000.0,4896289.0,4867932.0,,
2017-01-06,203000000.0,81000000.0,45800000.0,217784738.95,17209900.63,234994639.58,30171147.31,13377016.79,35689296.0,13416262.48,665387.53,575588.73,83070343.94,329800000.0,4798480.0,4775652.0,,
2017-01-09,203000000.0,81000000.0,45800000.0,218658502.96,16375375.01,235033877.97,29767994.51,13513098.8,36470604.0,13327856.05,666795.86,576826.42,82613973.52,329800000.0,4967871.0,4984489.0,,
2017-01-10,203000000.0,81000000.0,45800000.0,218346490.38,16645724.24,234992214.62,29188775.98,13935077.34,36879564.0,12512388.5,667340.45,579559.58,82714064.22,329800000.0,5134638.0,5140689.0,,
2017-01-11,203000000.0,81000000.0,45800000.0,219676023.81,15253678.69,234929702.5,28555163.14,14186562.77,37828308.0,10801984.71,668622.11,581474.89,81637149.83,329800000.0,5202598.0,67960.0,,
2017-01-12,203000000.0,81000000.0,45800000.0,219445813.45,15436914.92,234882728.37,27818007.67,14801050.67,37977672.0,10336504.4,668622.11,581945.65,81232594.59,329800000.0,5212119.0,5285502.0,,
2017-01-13,203000000.0,81000000.0,45800000.0,219013681.24,15967863.45,234981544.69,28336986.34,14282617.06,37852548.0,11270133.68,671283.79,583992.84,82157397.79,329800000.0,5280188.0,5493845.0,,
2017-01-16,203000000.0,81000000.0,45800000.0,217358120.07,17912752.01,235270872.08,29512207.45,13522945.9,32562360.0,18141789.58,673371.3,593328.38,79987319.46,329800000.0,5888731.0,5796880.0,,
2017-01-17,203000000.0,81000000.0,45800000.0,220640949.2,14559033.16,235199982.36,28131782.17,14922403.07,31537272.0,19317152.66,675536.3,596998.72,74228087.33,329800000.0,5676258.0,5645342.0,,
2017-01-18,33000000.0,79000000.0,38000000.0,51604164.93,13697621.08,65301786.01,25957265.95,17557825.25,24197148.0,20235274.26,682973.38,605818.54,63852035.03,150000000.0,5952547.0,6006580.0,,
2017-01-19,33000000.0,79000000.0,38000000.0,52446766.21,12823917.93,65270684.14,24827423.33,16876162.45,24262980.0,19868378.71,699478.38,611927.53,61914321.26,150000000.0,5992385.0,5801626.0,,
2017-01-20,47000000.0,74000000.0,29000000.0,60637767.82,18734613.93,79372381.75,26562107.29,10405019.02,25259244.0,11095991.43,706711.29,620060.14,70555965.22,150000000.0,6311759.0,6145161.0,,
2017-01-23,47000000.0,74000000.0,29000000.0,53254299.87,26100532.36,79354832.23,26192102.03,10794335.52,25809504.0,10177362.6,708170.03,624045.92,78102138.39,150000000.0,6031038.0,5976473.0,,
2017-01-24,47000000.0,74000000.0,29000000.0,61325470.32,61325470.32,79381756.7,24353749.29,12323891.69,26015988.0,10461250.71,714166.43,627026.43,111695207.61,150000000.0,6135244.0,6221882.0,,
2017-01-25,47000000.0,74000000.0,29000000.0,64581367.0,7451820.49,72033187.49,20327064.45,16345118.44,26501388.0,10180449.31,740980.7,631539.36,54280272.94,150000000.0,6316684.0,6244065.0,,
2017-01-26,47000000.0,74000000.0,29000000.0,,,,,,,,752528.2,632991.46,0.0,150000000.0,,,,
2017-02-03,47000000.0,74000000.0,29000000.0,49852499.48,22063485.5,71915984.98,21900760.28,22351770.91,30708816.0,5154957.25,761612.08,637951.64,74673061.78,150000000.0,,,,
2017-02-06,57000000.0,64000000.0,29000000.0,52257217.9,29670786.68,81928004.58,22706286.02,11312630.58,31670280.0,4074716.09,764617.49,641079.73,84047352.7,150000000.0,6098432.0,0.0,,
2017-02-07,52000000.0,64000000.0,34000000.0,47995098.68,28841235.85,76836334.53,22910409.51,11126309.73,34355532.0,5813314.56,765193.33,644986.35,86107177.36,150000000.0,6185798.0,6042844.0,,
2017-02-08,47000000.0,64000000.0,39000000.0,44763700.58,27228356.59,71992057.17,24557543.78,9309519.17,35742804.0,10082890.75,765959.28,647305.28,87528704.37,150000000.0,6073553.0,6077123.0,,
2017-02-09,47000000.0,64000000.0,39000000.0,51054212.73,21041612.7,72095825.43,27252770.96,6734193.26,40124748.0,6537948.08,767032.2,653256.46,88419131.66,150000000.0,6169192.0,6024815.0,,
2017-02-10,47000000.0,64000000.0,39000000.0,50700914.8,21503776.66,72204691.46,28266161.75,5676895.17,40324932.0,7226448.08,767899.15,653883.74,90094870.41,150000000.0,6221149.0,6189446.0,,
2017-02-13,44000000.0,67000000.0,39000000.0,56210349.46,13106220.97,69316570.43,28952100.55,7693805.84,41569584.0,6693089.92,769555.67,658328.97,83627905.52,150000000.0,6388723.0,167575.0,,
2017-02-14,38000000.0,70000000.0,42000000.0,47981388.08,15297309.57,63278697.65,29668460.49,9785972.4,43933308.0,7087420.11,771017.75,663501.99,88899078.06,150000000.0,6410164.0,6312383.0,,
2017-02-15,38000000.0,70000000.0,42000000.0,51743528.77,11544755.31,63288284.08,31054320.93,8805246.93,46440600.0,5027780.68,772364.84,669933.18,89039676.24,150000000.0,6515064.0,6199060.0,,
2017-02-16,35000000.0,70000000.0,45000000.0,41781193.53,18535450.81,60316644.34,32552131.64,7305068.13,46730316.0,7763450.46,775597.55,674468.81,97817898.45,150000000.0,6642430.0,6460231.0,,
2017-02-17,35000000.0,70000000.0,45000000.0,19586856.62,40599687.53,60186544.15,29642430.33,9953549.77,39662868.0,14099478.0,775597.55,695481.81,109904985.86,150000000.0,6654255.0,6449458.0,,
2017-02-20,40000000.0,70000000.0,40000000.0,56091032.83,9486525.55,65577558.38,30559608.34,7831448.41,41779560.0,9863509.77,780154.36,703759.21,81825693.89,150000000.0,7210592.0,7268206.0,,
2017-02-21,30000000.0,80000000.0,40000000.0,45253431.89,10316153.6,55569585.49,31278618.09,16814706.03,42489444.0,8896557.22,781696.86,710270.68,84084215.69,150000000.0,7154390.0,6993491.0,,
2017-02-22,30000000.0,80000000.0,40000000.0,40244740.24,11132225.72,51376965.96,32226125.84,16796548.09,41894904.0,9450355.39,783484.36,713363.05,85253255.56,150000000.0,7173532.0,7127954.0,,
2017-02-23,30000000.0,80000000.0,40000000.0,31064709.7,20261980.28,51326689.98,35066387.51,19410307.65,45848544.0,4572537.16,786279.36,718971.7,101176911.79,150000000.0,7037309.0,6874511.0,,
2017-02-24,97000000.0,80000000.0,43000000.0,85594943.16,32743357.34,118338300.5,40394230.69,15237497.73,49847256.0,3817188.78,786779.36,724594.46,122984844.03,220000000.0,7058820.0,6741535.0,6070519.29,6079299.552
2017-02-27,267000000.0,75000000.0,43000000.0,232702339.03,55317952.2,288020291.23,40092809.69,10850318.08,49556568.0,2472865.16,792116.85,728652.61,144967329.89,385000000.0,7149098.0,6886852.0,6205376.104,6240818.808
2017-02-28,264000000.0,75000000.0,46000000.0,225443957.75,59599223.49,285043181.24,40418804.82,10488862.27,49469928.0,5206287.52,796584.37,731856.13,149487956.31,385000000.0,6648878.0,6672981.0,5931011.436,5921508.092
2017-03-01,264000000.0,75000000.0,46000000.0,222099520.42,62953021.89,285052542.31,40458293.21,10142111.56,49295808.0,5568570.8,797251.05,737309.28,152707123.1,385000000.0,6855708.0,6663870.0,5958464.284,5981371.124
2017-03-02,66000000.0,75000000.0,49000000.0,37432895.6,49285879.18,86718774.78,39359256.41,11665298.91,52080156.0,3947497.7,797251.05,743285.99,140725291.59,190000000.0,6604820.0,6668472.0,5835715.274,5847597.52
